﻿<?xml version="1.0" encoding="UTF-8"?>
<!-- Ejercicios del Autor: Bartolomé Sintes Marco -->
<!--
    1. Nombre de los módulos del ciclo "Sistemas Microinformáticos y Redes" (Aplicaciones web). Nota: no se deben utilizar las siglas SMR.
    
    //modulo[ciclo=/ies/ciclos/ciclo[nombre="Sistemas Microinformáticos y Redes"]/@id]/nombre
    
   2. Nombre de los ciclos que incluyen el módulo "Lenguajes de marcas y sistemas de gestión de información" (Administración de Sistemas Informáticos en Red, Desarrollo de Aplicaciones Web).
   
   //ciclo[@id=//modulo[nombre="Lenguajes de marcas y sistemas de gestión de información"]/ciclo]/nombre
   
   3. Nombre de los módulos de ciclos de Grado Superior (Gestión de bases de datos, Lenguajes de marcas y sistemas de gestión de información, Implantación de aplicaciones web).
   
   //modulo[ciclo=//ciclo[grado="Superior"]/@id]/nombre
   
   4. Nombre de los módulos de ciclos cuyo título se aprobó en 2008 (Aplicaciones web).
   
   //modulo[ciclo=//decretoTitulo[@año=2008]/../@id]/nombre
   
   5. Grado de los ciclos con módulos de primer curso (Superior, Superior).

	//modulo[ciclo=//decretoTitulo[@año=2008]/../@id]/nombre

    -->
<ies>
 <nombre>IES Virgen del Carmen</nombre>
  <web>http://www.iesvirgendelcarmen.com</web>
  <ciclos>
    <ciclo id="ASIR">
      <nombre>Administración de Sistemas Informáticos en Red</nombre>
      <grado>Superior</grado>
      <decretoTitulo año="2009" />
    </ciclo>
    <ciclo id="DAW">
      <nombre>Desarrollo de Aplicaciones Web</nombre>
      <grado>Superior</grado>
      <decretoTitulo año="2010" />
    </ciclo>
    <ciclo id="SMR">
      <nombre>Sistemas Microinformáticos y Redes</nombre>
      <grado>Medio</grado>
      <decretoTitulo año="2008" />
    </ciclo>
  </ciclos>
  <modulos>
    <modulo id="0228">
      <nombre>Aplicaciones web</nombre>
      <curso>2</curso>
      <horasSemanales>4</horasSemanales>
      <ciclo>SMR</ciclo>
    </modulo>
    <modulo id="0372">
      <nombre>Gestión de bases de datos</nombre>
      <curso>1</curso>
      <horasSemanales>6</horasSemanales>
      <ciclo>ASIR</ciclo>
    </modulo>
    <modulo id="0373">
      <nombre>Lenguajes de marcas y sistemas de gestión de información</nombre>
      <curso>1</curso>
      <horasSemanales>4</horasSemanales>
      <ciclo>ASIR</ciclo>
      <ciclo>DAW</ciclo>
    </modulo>
    <modulo id="0376">
      <nombre>Implantación de aplicaciones web</nombre>
      <curso>2</curso>
      <horasSemanales>4</horasSemanales>
      <ciclo>ASIR</ciclo>
    </modulo>
  </modulos>
</ies>